ID,Assigned_Taxonomy,BLAST_Top_Hit,Match,Sequence,
c009136d5c5b31936be0e40f73cda042,d__Bacteria; p__Desulfobacterota; c__Desulfovibrionia; o__Desulfovibrionales; f__Desulfovibrionaceae; g__Desulfovibrio,"Uncultured bacterium gene for 16S rRNA, partial sequence, clone: SU_A07",0,TGGGGAATATTGCGCAATGGGGGAAACCCTGACGCAGCGACGTCGTGTGAGGGAAGAAGGCCTTCGGGTCGTAAACCGCTGTCGAGGGGAATGAAGTGCAAGTGAGTTATCTCATTTGTTGGACAGATCCCTGGAGGAAGCATGGGCTAAGTTCGTGCCAGCAGCCGCGGTAAGACGAACCATGCAAACG
d4fa16649a46d29ae36bd3b94c41b443,d__Bacteria; p__Proteobacteria; c__Gammaproteobacteria; o__Pseudomonadales; f__Moraxellaceae; g__Acinetobacter,"Acinetobacter johnsonii strain DEN98 16S ribosomal RNA gene, partial sequence",1,TGGGGAATATTGGACAATGGGCGAAAGCCTGATCCAGCCATGCCGCGTGTGTGAAGAAGGCCTTTTGGTTGTAAAGCACTTTAAGCGAGGAGGAGGCTACTTGGATTAATACTCTAGGATAGTGGACGTTACTCGCAGAATAAGCACCGGCTAACTCTGTGCCAGCAGCCGCGGTAATACAGAGGGTGCG
b992755c5cf97c87242a53925fab1fb9,d__Bacteria; p__Proteobacteria; c__Gammaproteobacteria; o__Burkholderiales; f__Burkholderiaceae; g__Cupriavidus; s__Cupriavidus_taiwanensis,"Cupriavidus sp. strain B-1 16S ribosomal RNA gene, partial sequence",1,TGGGGAATTTTGGACAATGGGGGCAACCCTGATCCAGCAATGCCGCGTGTGTGAAGAAGGCCTTCGGGTTGTAAAGCACTTTTGTCCGGAAAGAAATGGCGCTGGTTAATACCCGGCGTCGATGACGGTACCGGAAGAATAAGCACCGGCTAACTACGTGCCAGCAGCCGCGGTAATACGTAGGGTGCGA
746a630f19500695776c9ebf5997fd7e,d__Bacteria; p__Proteobacteria; c__Alphaproteobacteria; o__Acetobacterales; f__Acetobacteraceae; g__Acidiphilium,"Uncultured bacterium clone ASV_572_(0.1614%) 16S ribosomal RNA gene, partial sequence",0,TGGGGAATATTGGACAATGGGCGCAAGCCTGATCCAGCAATGCCGCGTGAGTGAAGAAGGTCTTCGGATTGTAAAGCTCTTTTGGCGGGGACGATGATGACGGTACCCGCAGAATAAGCCCCGGCTAACTTCGTGCCAGCAGCCGCGGTAATACGAAGGGGGCTAGCGTTGCTCGGAATGACTGGGCGTA
b1a0fdadeca751e9df9823be53c9f3f0,d__Bacteria; p__Actinobacteriota; c__Acidimicrobiia; o__IMCC26256; f__IMCC26256; g__IMCC26256; s__uncultured_Acidimicrobiia,"Uncultured Acidimicrobiales bacterium clone S570 16S ribosomal RNA gene, partial sequence",1,TGGGGAATCTTGCGCAATGGACGAAAGTCTGACGCAGCGATGCCGCGTGCGGGATGAAGGCCCTCGGGTTGTAAACCGCTTTCAGCAGGGACGAAATTGACGGTACCTGCAGAAGAAGCCCCGGCCAACTACGTGCCAGCGGCCGCGGTAATACGTAGGGGGCGAGCGTTGTCCGGATTTATTGGGCGTA
ed6c08637a72f62689242622688bb430,d__Bacteria; p__WPS-2; c__WPS-2; o__WPS-2; f__WPS-2; g__WPS-2; s__uncultured_bacterium,uncultured bacterium partial 16S rRNA gene,0,TGAGGAATATTGCGCAATGGGCGAAAGCCTGACGCAGCGACGCCGCGTGGAGGATGACGGATTTCGGTCTGTATACTCCTGTCAGTAGGGAAGAGAATGGACGGTACCTACTGAGGAAGCTTCGGCTAACTACGTGCCAGCAGCCGCGGTAAGACGTAGGAAGCAAGCGTTGTCCGGAATTACTGGGCGT
71311f3cb4fa35cb1114e309cdd8e112,d__Bacteria; p__Proteobacteria; c__Alphaproteobacteria; o__Rhodobacterales; f__Rhodobacteraceae,"Tabrizicola piscis strain K13M18 16S ribosomal RNA, partial sequence",0,TGGGGAATCTTAGACAATGGGGGAAACCCTGATCTAGCCATGCCGCGTGATCGATGAAGGCCTTAGGGTTGTAAAGATCTTTCAGTGGGGAAGATAATGACGGTACCCACAGAAGAAGCCCCGGCTAACTCCGTGCCAGCAGCCGCGGTAATACGGAGGGGGCTAGCGTTGTTCGGAATTACTGGGCGTA
c542313dcd1a3f5b64b7dfc9a9deb3e4,d__Bacteria; p__Planctomycetota; c__Planctomycetes; o__Gemmatales; f__Gemmataceae; g__uncultured,uncultured bacterium partial 16S rRNA gene,0,TCGAGAATCTTCGGCAATGAGCGCAAGCTTGACCGAGCGACGCCGCGTGCGGGATGAAGGCCTTCGGGTTGTAAACCGCTTTGGTCCGAAAGAAAGGGAAACTTGATCGATCGGAGAAACAAGGACGGGCTAAGTTCGTGCCAGCAGCCGCGGTAAGACGAACCGTCCAAACGTTATTCGGAATCACTGG
ef567f982c927167192c06cdeb326256,d__Bacteria,"Uncultured bacterium clone EMIRGE_OTU_s5t4a_3708 16S ribosomal RNA gene, partial sequence",1,TGGGGAATATTGCACAATGGGCGCAAGCCTGATGCAGCGACGCCGCGTGAGGGATGACGGCCTTTTCTAATACAGAGGGCTAATGACGGTACCGTAAGAATAAGCACCGGCTAACTCTGTGCCAGCAGCCGCGGTAATACAGAGGGTGCAAGCGTTAATCGGAATTACTGGGCGTAAAGCGCGCGTAGGT
0cf991ad908eb26e26168c1c0c8f4f73,d__Bacteria; p__Proteobacteria; c__Gammaproteobacteria; o__Xanthomonadales; f__Xanthomonadaceae; g__Pseudoxanthomonas,"Uncultured bacterium clone E4C10_149581 16S ribosomal RNA gene, partial sequence",0,TAAGGAATATTGCGCAATGGGCGACAGCCTGACGCAGCGACGCCGCGTGGGGGATGAAGGTCTTCGGATTGTAAAGCCCTTTTGTTGGGAAAGAAATCCTGTCGATTAATACTCGGTGGGGATGACGGTACCCAAAGAATAAGCACCGGCTAACTTCGTGCCAGCAGCCGCGGTAATACGAAGGGGGCTA
d52a0647e220fe62782db8a27eabe932,d__Bacteria; p__Proteobacteria; c__Gammaproteobacteria; o__Salinisphaerales; f__Solimonadaceae; g__Hydrocarboniphaga,"Hydrocarboniphaga effusa strain P10 16S ribosomal RNA gene, partial sequence",1,TGGGGAATATTGGACAATGGGCGAAAGCCTGATCCAGCAATGCCGCGTGTGTGAAGAAGGCCTTCGGGTTGTAAAGCACTTTAGGCTGGAAAGAAAAAGCTTTGGCTAATATCCAAAGCCTTGACGGTACCAGCAGAATAAGCACCGGCTAACTCTGTGCCAGCAGCCGCGGTAATACAGAGGGTGCAAG
03e59728e118c5a4f7bf0c93f79b6ffa,d__Bacteria; p__Proteobacteria; c__Gammaproteobacteria; o__Burkholderiales; f__Comamonadaceae,"Uncultured bacterium clone CarbonSeq11b_030410_E08 16S ribosomal RNA gene, partial sequence",0,TGAGGAATATTGCGCGATGGGCGAAAGCCTGACGCAGCGACGCCGCGTGGAGGATGAAGGCCTTCGGGTTGTAAACCGCTTTTGTCAGGGAAGAAATCTTCTGGGTTAATACCTCGGGAGGATGACGGTACCTGAAGAATAAGCACCGGCTAACTTCGTGCCAGCAGCCGCGGTAATACGAAGGGTGCAA
ed3fe276465b70ae42b7337f4d3af157,d__Bacteria; p__Proteobacteria; c__Gammaproteobacteria; o__Burkholderiales; f__Comamonadaceae; g__Azohydromonas; s__uncultured_bacterium,"Uncultured bacterium clone XIII-220-11 16S ribosomal RNA gene, partial sequence >gi|1000320471|gb|KU740120.1| Uncultured bacterium clone XIII-220-6 16S ribosomal RNA gene, partial sequence",1,TGGGGAATTTTGGACAATGGGCGCAAGCCTGATCCAGCCATGCCGCGTGCGGGAAGAAGGCCTTCGGGTTGTAAACCGCTTTTGTCAGGGAAGAAATCCTGCGGGCCAATACCCTGCGGGGATGACGGTACCTGAAGAATAAGCACCGGCTAACTACGTGCCAGCAGCCGCGGTAATACGTAGGGTGCAA
a15cf935fcc1d5a1a1b616b02c1896fc,d__Bacteria; p__Chloroflexi; c__Anaerolineae; o__SBR1031; f__A4b; g__OLB13,"Uncultured Candidatus Flexicrinis sp. clone OTU301 16S ribosomal RNA gene, partial sequence",0,TGAGGAATATTGCTCAATGGGCGCAAGCCTGAAGCAGCGACGCCGCGTGGACGATGAAGGTCTTCGGATCGTAAAGTCCTTTTCTGTGTGACGAGGAAGGACGGTAGCACAGGAATAAGTGTCGGCTAACTACGTGCCAGCAGCCGCGGTAACACGTAGGACGCAAGCGTTATCCGGAATTACTGGGCGT
e22627cc3d5a5dbcf20beb0441ff2779,d__Bacteria; p__Proteobacteria; c__Alphaproteobacteria; o__Caulobacterales; f__Hyphomonadaceae; g__SWB02,"Uncultured bacterium clone OTU2097 16S ribosomal RNA gene, partial sequence",0,TGGGGAATCTTGGACAATGGGCGCAAGCCTGATCCAGCCATGCCGCGTGGATGATGAAGGCCCTAGGGTTGTAAAATCCTTTCGTTGGGGACGATAATGACGGTACCCAAAGAAGAAGCTCCGGCTAACTTCGTGCCAGCAGCCGCGGTAATACGAAGGGGGCTAGCGTTGTTCGGATTTACTGGGCGTA
211d46bd5d2f883ea0b13e1bdc2f2442,d__Bacteria; p__Firmicutes; c__Bacilli; o__Bacillales; f__Bacillaceae; g__Bacillus,"Uncultured bacterium clone M01598_122_000000000-ADV8A_1_2111_12385_17008 16S ribosomal RNA gene, partial sequence",0,CCTACGGGTGGCTGCAGTAGGGAATCTTCCGCAATGGACGAAAGTCTGACGGAGCAACGCCGCGTGAGTGATGAAGGTTTTCGGATCGTAAAACTCTGTTGTTAGGGAAGAACAAGTGCGAGAGTAACTGCTCGCACCTTGACGGTACCTAACCAGAAAGCCACGGCTAACTACGTGCCAGCAGCCGCGG
580870810d0b1986e85b7773fca20aa7,d__Bacteria; p__Proteobacteria; c__Alphaproteobacteria,uncultured bacterium partial 16S rRNA gene,0,TGAGGAATATTGGACAATGGAGGAAACTCTGATCCAGCCATGCCGCGTGAGTGAAGAAGGTCTTCGGATTGTAAAGCTCTTTTACCCCTGACGATAATGACGGTAAGGGGAGAAAAAGCCACGGCTAACTTCGTGCCAGCAGCCGCGGTAATACGAAGGTGGCAAGCGTTGTTCGGATTTACTGGGCGTA
96d8c32bf64c029e9c6460f802e2d279,d__Bacteria; p__Proteobacteria; c__Alphaproteobacteria; o__Micavibrionales; f__Micavibrionaceae; g__uncultured; s__uncultured_bacterium,"Uncultured bacterium clone OTU677 16S ribosomal RNA gene, partial sequence",0,TGAGGAATATTGGACAATGGAGGAAACTCTGATCCAGCCATGCCGCGTGAGTGAAGAAGGCCTTAGGGTTGTAAAGCTCTTTCAATAGTGAAGATAATGACGGTAGCTATAGAAGAAGCCCCGGCTAAATTCGTGCCAGCAGCCGCGGTAATACGAATGGGGCAAGCGTTGTTCGGAATCACTGGGCTTA
d8726f8ca9994f5ccf138d0f6f36b877,d__Bacteria; p__Proteobacteria; c__Gammaproteobacteria; o__Gammaproteobacteria_Incertae_Sedis; f__Unknown_Family; g__Acidibacter,"Uncultured bacterium clone AN0C1CA01 16S ribosomal RNA gene, partial sequence",0,TGGGGAATATTGGACAATGGGGGCAACCCTGATCCAGCGACGCCGCGTGTGTGAAGAAGGCCTGCGGGTTGTAAAGCACTTTTAGTGGGGATGAAAAGCTCAGGGTTAATACCTCTGGGTCTTGACCTAACCCACAGAAAAAGCACCGGCTAACTCTGTGCCAGCAGCCGCGGTAATACAGAGGGTGCAA
cc3d8cdc0376e044f18dd14310fac736,d__Bacteria; p__Proteobacteria,"Uncultured bacterium clone EMIRGE_OTU_s1t2b_5834 16S ribosomal RNA gene, partial sequence",0,TGGGGAATATTGCACAATGGGCGGAAGCCTGATGCAGCAACGCCGCGTGAGTGAAGAAGGCCTTCGGGTTGTAAAGCTCTTTCGGCCGGGAAGAAATCGCATGGGTTAATACCCTGTGCGGATGACAGTACCTGGAGAATAAGCTCCGGCTAACTCCGTGCCAGCAGCCGCGGTAATACGGAGGGAGCTA
38ab6b0972eaf2bf9e66b6eefd08059e,d__Bacteria; p__Proteobacteria; c__Gammaproteobacteria; o__Pseudomonadales; f__Moraxellaceae,uncultured bacterium partial 16S rRNA gene,0,TGGGGAATATTGGACAATGGGCGCAAGCCTGATCCAGCCATGCCGCGTGTGTGAAGAAGGCCTTTTGGTTGTAAAGCACTTTAAGCGAGGAGGAGGGTACTCTGGCTAATATCCAGATGTACCGGACGTTACTCGCAGAATAAGCACCGGCTAACTCTGTGCCAGCAGCCGCGGTAATACAGAGGGTGCG
f59661f4ffa168fc46b958a8c85e5cb8,d__Bacteria; p__Proteobacteria; c__Gammaproteobacteria; o__Burkholderiales; f__Comamonadaceae,"Uncultured bacterium clone 10042 16S ribosomal RNA gene, partial sequence",0,TGGGGAATTTTGGACAATGGGCGCAAGCCTGATCCAGCCATGCCGCGTGCGGGAAGAAGGCCTTCGGGTTGTAAACCGCTTTTGTCGGGGAAGAAATGCTCCGGGATAATACCCCGGGCTAATGACGTTACCGACAGAATAAGCACCGGCTAACTCTGTGCCAGCAGCCGCGGTAATACAGAGGGTGCAA
e4ea1dca261b15ccb166f39448c093e7,d__Bacteria; p__Acidobacteriota; c__Vicinamibacteria; o__Vicinamibacterales; f__uncultured; g__uncultured; s__uncultured_Acidobacteriaceae,"Uncultured Acidobacteria bacterium partial 16S rRNA gene, clone Sliv-103",1,TGGGGAATTGTTCGCAATGGGCGCAAGCCTGACGACGCAACGCCGCGTGGAGGATGAAGATCTTCGGGTCGTAAACTCCTGTCGAGCGGGACGAAAGATGCGCGGGTTAATACCCCGTGCAAGTGACGGTACCGCTAAAGGAAGCCCCGGCTAACTCCGTGCCAGCAGCCGCGGTAATACGGGGGGGGCA
64540ca0520ef6cb88764aba74aa9202,d__Bacteria; p__Proteobacteria; c__Gammaproteobacteria; o__Burkholderiales,"Uncultured planctomycete clone 180 16S ribosomal RNA gene, partial sequence >gi|375245475|gb|JQ653882.1| Uncultured planctomycete clone 184 16S ribosomal RNA gene, partial sequence",0,TGGGGAATCTTGCGCAATGGGCGAAAGCCTGACGCAGCGACGCCGCGTGAGTGATGAAGGCCTTCGGGTTGTAAAGCTCTTTCAGCCGGGAAGAAAACGCACTCTCTAATACAGGGTGTGGATGACGGTACCGGAATAAGAAGCACCGGCTAAATACGTGCCAGCAGCCGCGGTAATACGTAGGGCGCAA
1b0c9c1a7291b0a07bf3da8026c579bb,d__Bacteria; p__Proteobacteria; c__Gammaproteobacteria; o__Diplorickettsiales; f__Diplorickettsiaceae; g__Aquicella,"Uncultured bacterium clone HelTree1-104 16S ribosomal RNA gene, partial sequence",0,CCTACGGGTGGCTGCAGTGGGGAATATTGGACAATGGGGGCAACCCTGATCCAGCGATGCCGCGTGAGTGAAGAAGGCCTTCGGGTCGTAAAGCTCTTTAGGTTGGGAAGAAGTGTATGAGAGGAAATGCTTATACATTGACGGTACCGACAGAATAAGCACCGGCAAACTCTGTGCCAGCAGCCGCGGT
8e25a8f4b6f833ac44fc360c763ec205,d__Bacteria; p__Bdellovibrionota; c__Bdellovibrionia; o__Bdellovibrionales; f__Bdellovibrionaceae; g__Bdellovibrio,"Uncultured bacterium clone Otu2241 16S ribosomal RNA gene, partial sequence",0,TAGGGAATATTGCGCAATGGAGGAAACTCTGACGCAGCGACGCCGCGTGAGCGATGAAGGCCTTCGGGTCGTAAAGCTCTGTTGCAAGGGAAAAAGAAAGTGATTGTACCTTGCGAGAAAGGATCGGCTAACTTCGTGCCAGCAGCCGCGGTAAGACGAGGGATCCTAGCGTTGTTCGGAATTATTGGGC
d759c959e7b4ad0a9edb77005ee3f907,d__Bacteria; p__Myxococcota; c__Myxococcia; o__Myxococcales; f__Anaeromyxobacteraceae; g__Anaeromyxobacter; s__metagenome,"Uncultured bacterium clone B3385 16S ribosomal RNA gene, partial sequence",0,TGGGGAATCTTGCGCAATGGGCGAAAGCCTGACGCAGCGACGCCGCGTGTGCGATGAAGGTCTTCGGATCGTAAAGCACTGTCGCGAGGGAAGAACGCCCGCAAGGGCTTGACGGTACCTCGAGAGGAAGCACCGGCTGACTCTGTGCCAGCAGCCGCGGTAATACAGAGGGTGCGAGCGTTGTTCGGAA
463bdcd7ee1b6a72f9f9e94aa8a94ee9,d__Bacteria; p__Proteobacteria; c__Alphaproteobacteria; o__Rhodobacterales; f__Rhodobacteraceae; g__Limimaricola,"Limimaricola sp. strain KMM 9907 16S ribosomal RNA gene, partial sequence",1,TGGGGAATCTTAGACAATGGGCGCAAGCCTGATCTAGCCATGCCGCGTGAGTGATGAAGGCCTTAGGGTCGTAAAGCTCTTTCGCTGGGGAAGATAATGACGGTACCCAGTAAAGAAACCCCGGCTAACTCCGTGCCAGCAGCCGCGGTAATACGGAGGGGGTTAGCGTTGTTCGGAATTACTGGGCGTA
1899a3e3c2462caa8c342f046b44545b,d__Bacteria; p__Proteobacteria,"Uncultured gamma proteobacterium clone SI-2M_D01 16S ribosomal RNA gene, partial sequence",1,TGGGGAATTTCGGACAATGGGCGAAAGCCTGATCCAGCAATGCCGCGTGCAGGATGAAGGCCTTCGGGTTGTAAAACTCTTTCGACGGGGACGATAATGACGGTACCCGTAGAATAAGCACCGGCTAACTTCGTGCCAGCAGCCGCGGTAATACGAAGGGTGCAGGCGTTACTCGGAATTACTGGGCGTA
4f4e1e77afd69d06a0b626e08deb7cee,d__Bacteria; p__Bacteroidota; c__Bacteroidia; o__Chitinophagales; f__Chitinophagaceae; g__Parasegetibacter; s__uncultured_bacterium,"Chitinophagaceae bacterium strain SDUMP3 16S ribosomal RNA gene, partial sequence >gi|1948824926|gb|MW388708.1| Parasegetibacter sp. strain P3 16S ribosomal RNA gene, partial sequence",1,TAAGGAATATTGGTCAATGGACGCAAGTCTGAACCAGCCATGCCGCGTGGAGGATGAAGGTCCTCTGGATTGTAAACTTCTTTTATTGGGGAAGAAATGCAGGTTTTCTAACTTGCTTGACGGTACTCAATGAATAAGCACCGGCTAACTCCGTGCCAGCAGCCGCGGTAATACGGAGGGTGCAAGCGTT
697271ba79f7b073075826cbf798c56c,d__Bacteria; p__Patescibacteria; c__Saccharimonadia; o__Saccharimonadales; f__Saccharimonadales; g__Saccharimonadales,"Uncultured bacterium clone OTU7563 16S ribosomal RNA gene, partial sequence",1,TTAGGAATATTCCACAATGGGCGAAAGCCTGATGGAGCAACGCCGCGTGGAGGATGAAGGCCCTCGGGTCGTAAACTTCTTTTCTATGCGAAGAATATGACGGTAACATAGGAATAAGGGTCTGCTAACTACGTGCCAGCAGCCGCGGTCATACGTAGGACCCAAGCGTTATCCGGATTGACTGGGCGTA
5c696300f6ff669a97f1cbc2cd4ce04d,d__Bacteria; p__Proteobacteria; c__Gammaproteobacteria; o__Alteromonadales; f__Alteromonadaceae; g__Rheinheimera,"Rheinheimera sp. strain WW-U-S-D-MHCIP4-4 16S ribosomal RNA gene, partial sequence",1,TGGGGAATATTGGACAATGGGCGCAAGCCTGATCCAGCCATGCCGCGTGTGTGAAGAAGGCCTTCGGGTTGTAAAGCACTTTCAGCGAGGAGGAAGGGTGGTGTGTTAATAGCACATCATTTTGACGTTACTCGCAGAAGAAGCACCGGCTAACTCTGTGCCAGCAGCCGCGGTAATACAGAGGGTGCAA
0b757402e3d319af156b3a411dab6aaa,d__Bacteria; p__Bdellovibrionota; c__Oligoflexia; o__0319-6G20; f__0319-6G20; g__0319-6G20,"Uncultured bacterium clone A559 16S ribosomal RNA gene, partial sequence",0,TGGGGAATCTTGCGCAATGGACGAAAGTCTGACGCAGCCACGCCGCGTGAGTGAAGAAGGCCTTCGGGTTGTAAAGCTCTGTCGCTTGGGACGAAAAGCATTAAGGTTAATAGCTTTAGTGTCTGACGGTACCAAGAGAGGAAGCACCGGCTAACTTCGTGCCAGCAGCCGCGGTAATACGAGGGGTGCA
fc8139e8de07bd5bd8c86c58ecd4505a,d__Bacteria; p__Planctomycetota; c__Planctomycetes; o__Pirellulales; f__Pirellulaceae; g__Rhodopirellula,"Uncultured Rhodopirellula sp. clone a3f25ac516f4ac0edcfaf4c6424d0696 16S ribosomal RNA gene, partial sequence >gi|2518609456|gb|OR128197.1| Uncultured Rhodopirellula sp. clone a3f25ac516f4ac0edcfaf4c6424d0696 16S ribosomal RNA gene, partial sequence",1,TCGAGAATCTTCGGCAATGAGCGCAAGCTTGACCGAGCGACGCCGCGTGCGGGATGAAGGCTTTCGGGTTGTAAACCGCTGTCAGTGGGGAGGAAATTCTTGGGGGTACTCCCTCTTGATTGACCGATCCGCAGAGGAAGGACGGGCTAAGTTCGTGCCAGCAGCCGCGGTAAGACGAACCGTCCGAACG
503a4b85388c21d65b29d633072fdd16,d__Bacteria; p__Actinobacteriota; c__Actinobacteria; o__Propionibacteriales; f__Nocardioidaceae; g__Nocardioides,"Uncultured Nocardioides sp. clone OTU248_spo143 16S ribosomal RNA gene, partial sequence",1,TGGGGAATATTGGACAATGGGCGGAAGCCTGATCCAGCAACGCCGCGTGAGGGATGACGGCCTTCGGGTTGTAAACCTCTTTCATCACCGACGAAGCCGTGAGGTGACGGTAGGTGGAGAAGAAGCACCGGCCAACTACGTGCCAGCAGCCGCGGTAATACGTAGGGTGCGAGCGTTGTCCGGAATTATT
4d45d422ec941877fcec5d6a4a98676d,d__Bacteria; p__Chloroflexi; c__Chloroflexia; o__Thermomicrobiales; f__JG30-KF-CM45; g__JG30-KF-CM45; s__uncultured_soil,"Uncultured bacterium clone OTU1034_spo929 16S ribosomal RNA gene, partial sequence",1,CGAGGGATTTTCGGCAATGGGCGCAAGCCTGACCGAGCAACGCCGCGTGCGGGACGACGCCCTTCGGGGTGTAAACCGCTTTTGGGTGGGGCGATGGTGACGGTACCACCCGAATCAGCCTCGGCTAACTACGTGCCAGCAGCCGCGGTAAGACGTAGGAGGCGAGCGTTGTCCGGAGTTACTGGGCGTA
b3c84a21d71b4759909ababe4b728bb6,d__Bacteria; p__Desulfobacterota; c__Desulfovibrionia; o__Desulfovibrionales; f__Desulfovibrionaceae; g__Desulfovibrio; s__Desulfovibrio_putealis,"Uncultured bacterium clone EMIRGE_OTU_s2b2b_2163 16S ribosomal RNA gene, partial sequence",0,TGGGGAATATTGCGCAATGGGGGAAACCCTGACGCAGCGACGTCGTGTGAGGGAAGAAGGCCTTCGGGTCGTAAACCTCTGTCAGAAGGGAAGAACAACCGGGAGTCGAACAGCCTCTCGGTCTGACGGTACTCTCAGAGGAAGCGCCGGCTAACTCCGTGCCAGCAGCCGCGGTAATACGGAGGGCGCA
d1949701b63f739d1fd5ab2099b85279,d__Bacteria; p__Actinobacteriota; c__Thermoleophilia; o__Solirubrobacterales; f__Solirubrobacteraceae; g__Solirubrobacter,"Uncultured bacterium clone 4-1071 16S ribosomal RNA gene, partial sequence",0,TGGGGAATCTTGCGCAATGCGCGAAAGCGTGACGCAGCAACGCCGCGTGGGGGAAGAAGGCCTTCGGGTTGTAAACCCCTTTCAGTTGGGACGAAGCTTCCAGGGTTAATAGCTCTGTGGAGTGACGGTACCTTCAGAAGAAGCCCCGGCTAACTACGTGCCAGCAGCCGCGGTAATACGTAGGGGGCTA
516871aa13e4fd1ec293d2410909199c,d__Bacteria; p__Chloroflexi; c__Dehalococcoidia; o__S085; f__S085; g__S085,Uncultured bacterium 5G4 clone 5G4,0,CTAGGAATCTTGGGAATGGGCGAAAGCCTGACCCAGCAACGCCGCGTGGGCGATGAAGGCCTTCGGGTCGTAAAGCCCTTTTGCAGGGGAAGATTATGACGGTACCCTGCGAATAAGCCACGGCTAACTACGTGCCAGCAGCCGCGGTAATACGTAGGTGGCAAGCGTTGTCCGGATTTACTGGGCGTAA
803e1eb6c3259393d0652ba8621fd62e,d__Bacteria; p__Actinobacteriota; c__Actinobacteria; o__Micrococcales; f__Microbacteriaceae; g__Microbacterium,"Microbacterium maritypicum strain R4-3 16S ribosomal RNA gene, partial sequence",1,TGGGGAATATTGCACAATGGGCGCAAGCCTGATGCAGCAACGCCGCGTGAGGGACGACGGCCTTCGGGTTGTAAACCTCTTTTAGCAGGGAAGAAGCGAAAGTGACGGTACCTGCAGAAAAAGCGCCGGCTAACTACGTGCCAGCAGCCGCGGTAATACGTAGGGCGCAAGCGTTATCCGGAATTATTGG
c7d15d5133a4ed5e6ae7dccf5f135c1b,d__Bacteria; p__Proteobacteria; c__Gammaproteobacteria; o__Burkholderiales; f__Rhodocyclaceae; g__Dechloromonas,"Uncultured Dechloromonas sp. partial 16S rRNA gene, clone MKT-G19",1,TGGGGAATCTTGCGCAATGGGCGAAAGCCTGACGCAGCGACGCCGCGTGAGTGATGAAGGCCTTCGGGTTGTAAAGCTCTTTCGGCCGGGAAGAAATCGCATGGGTTAATACCCTGTGCGGATGACGGTACCGGCATAAGAAGCACCGGCTAACTACGTGCCAGCAGCCGCGGTAATACGGAGGGCGCAA
36f4142eeaab57812edce15255a52602,d__Bacteria; p__Desulfobacterota; c__Desulfobulbia; o__Desulfobulbales; f__Desulfobulbaceae; g__Desulfobulbus,"Uncultured prokaryote gene for 16S ribosomal RNA, partial sequence, OTU:NOR1041",0,TGAGGAATATTGCGCAATGGGGGCAACCCTGACGCAGCGACGCCGCGTGAGTGAGGAAGGCCTTCGGGTCGTAAAGCTCTGTCAAAGGGAAAGAAGTGCATGGAGGTTAATACCCTTCATGTTTGACGGTACCCTTAAAGGAAGCACCGGCTAACTCCGTGCCAGCAGCCGCGGTAATACGGAGGGTGCA
0934229b4a48ae4491aec9b2de2f0ec5,d__Bacteria; p__Proteobacteria; c__Gammaproteobacteria,"Uncultured Coxiella sp. clone a4e1616ae18d54a1247f0d1946fd0443 16S ribosomal RNA gene, partial sequence",0,TGGGGAATATTGGACAATGGGCGCAAGCCTGATCCAGCAATACCGCGTGTGTGAAGAAGGCCTTAGGGTTGTAAAACACTTTTAGTAGGAAAGAAAATCTCAAAGCTAATATTTTTGAGACTTGACATGCACTACAGAAAAAGCACCGGCTAACTCTGTGCCAGCAGCCGCGGTAATACAGAGGGTGCAA
4b30c63957fe5a42c5299bd24a0d0be0,d__Bacteria; p__Proteobacteria; c__Gammaproteobacteria; o__Burkholderiales; f__Comamonadaceae; g__Piscinibacter,"Uncultured bacterium clone ASV_767 16S ribosomal RNA gene, partial sequence",0,TGGGGAATTTTGGACAATGGGGGCAACCCTGATCCAGCCATGCCGCGTGCGGGAAGAAGGCCTTCGGGTTGTAAACCGCTTTTGTCGGGGAAGAAACGGTCTGCGCTAATATCGCGGGCTAATGACGGTACCCGAAGAATAAGCACCGGCTAACTACGTGCCAGCAGCCGCGGTAATACGTAGGGTGCAA
c33b554da840f2e503a57d0b466897aa,d__Bacteria; p__Proteobacteria; c__Gammaproteobacteria; o__Burkholderiales; f__Rhodocyclaceae; g__Ferribacterium,"uncultured Rhodocyclaceae bacterium isolate DEC001_d71 genome assembly, chromosome: contig1",1,GCTACGGGTGGCAGCAGTGGGGAATTTTGGACAATGGGCGCAAGCCTGATCCAGCCATGCCGCGTGAGTGAAGAAGGCCTTCGGGTTGTAAAGCTCTTTCAGCCGGGAAGAAAACGCATGGGTTAATACCCGGCGTCGATGACGGTACCGGAAGAATAAGCACCGGCTAACTACGTGCCAGCAGCCGCGG
4b630879fa9262cdde727c1f3077aed4,d__Bacteria; p__Actinobacteriota; c__Thermoleophilia; o__Solirubrobacterales; f__67-14; g__67-14; s__Solirubrobacterales_bacterium,"Uncultured Solirubrobacterales bacterium clone S451 16S ribosomal RNA gene, partial sequence",1,TGGGGAATCTTGCGCAATGCGCGAAAGCGTGACGCAGCAACACCGCGTGAGGGAAGACGGCCTTAGGGTTGTAAACCTCTTTCAGATGGGACGAAGGTTGTCCGGTGAATAGCCGAGATGATTGACGGTACCGTCAGAAGAAGCTCCGGCTAACTACGTGCCAGCAGCCGCGGTAATACGTAGGGAGCGA
6d6c61d0dee2a086928f239286923002,d__Bacteria; p__Planctomycetota; c__Planctomycetes; o__Gemmatales; f__Gemmataceae; g__Gemmata,"Uncultured Oscillospiraceae bacterium clone Seq203 strain 16S ribosomal RNA gene, partial sequence",0,TCGAGGATCTTCGGCAATGGGGGCAACCCTGACCGAGCGATGCCGCGTGCGCGATGAAGGCCTTCGGGTTGTAAAGCGCGAAAGTGGGGAGAAAAGCCGAAAGGTGTGATCTATCCACAGTAAGCTCGGGCTAAGTTCGTGCCAGCAGCCGCGGTAAGACGAACCGAGCGAACGTTGTTCGGAATCACTG
670d550b58fbf7375aa5532c87189e40,d__Bacteria; p__Desulfobacterota; c__Desulfovibrionia; o__Desulfovibrionales; f__Desulfovibrionaceae; g__Desulfovibrio; s__Desulfovibrio_putealis,"Uncultured bacterium clone FW1012-140 16S ribosomal RNA gene, partial sequence",1,TGGGGAATCTTCCGCAATGGACGAAAGTCTGACGGAGCAACGCCGCGTGAGTGAAGAAGGCCTTCGGGTCGTAAACCTCTGTCAGAAGGGAAGAACATCCGGGAGTCGAACAGCCTCCCGGCCTGACGGTACCTTCAGAGGAAGCGCCGGCTAACTCCGTGCCAGCAGCCGCGGTAATACGTAGGTGGCA
b0af1b4957bbacb288c912e9aea6e541,d__Bacteria; p__Firmicutes,"Uncultured bacterium clone 8619R_plate2a01.b3 16S ribosomal RNA gene, partial sequence",0,TGGGGAATATTGCGCAATGGGGGAAACCCTGACGCAGCAACGCCGCGTGGAGGAAGAAGGTCTTCGGATTGTAAACTCCTGTCTTTGGGGAAGAACGGTCGATTTGAAAATATTGAGTCGACATGACGGTACCCAAGGAGGAAGCCCCGGCTAACTACATGCCAGCAGCCGCGGTAATACGTAGGGGGCA
31ad4e7b1df471d23ee1abca62005927,d__Bacteria; p__Verrucomicrobiota; c__Verrucomicrobiae; o__Verrucomicrobiales; f__Verrucomicrobiaceae; g__uncultured; s__uncultured_soil,"Uncultured bacterium clone 1295 16S ribosomal RNA gene, partial sequence",1,TCGAGAATCATTCACAATGGGCGAAAGCCTGATGGTGTGACGCCGCGTGGAGGATGACGGTCTTCGGATTGTAAACTCCTGTCATGTGAGAGTAAGGTTGGAGTAGTAACTGACTGCCAACTTGAGAGTATCACAAGAGGAAGAGGCGGCTAACTCTGTGCCAGCAGCCGCGGTAATACAGAGGCCTCAA
f2846e8fbf8b14dae4d6b6bad91ed85f,d__Bacteria; p__Actinobacteriota; c__Actinobacteria; o__Micrococcales,"Cellulomonas sp. partial 16S rRNA gene, strain X11",0,TGGGGAATATTGCACAATGGGCGAAAGCCTGATGCAGCGACGCCGCGTGGGGGATGAAGGCCTTCGGGTTGTAAACCCCTTTCAGCAGGGAAGAAGCGAAAGTGACGGTACCTGCAGAAGAAGCGCCGGCTAACTACGTGCCAGCAGCCGCGGTAATACGTAGGGCGCAAGCGTTGTCCGGAATTATTGG
d97879db7a980ef85e0ed13e42687549,d__Bacteria; p__Bdellovibrionota; c__Oligoflexia; o__0319-6G20; f__0319-6G20; g__0319-6G20; s__uncultured_bacterium,"Uncultured bacterium clone OTU81_endo81 16S ribosomal RNA gene, partial sequence",1,TGGGGAATCTTGCGCAATGGACGAAAGTCTGACGCAGCCACGCCGCGTGAGTGAAGAAGGCCTTCGGGTTGTAAAGCTCTGTCGGGAGGGACGAACATCCTGGGTGTTAACAGCGCCTAGGACTGACGGTACCTTCAAAGGAAGCACCGGCTAACTCTGTGCCAGCAGCCGCGGTAATACAGAGGGTGCA
594929bb9677b3d76202beed1a9d21dd,d__Bacteria; p__Myxococcota; c__Polyangia; o__Haliangiales; f__Haliangiaceae; g__Haliangium; s__uncultured_Myxococcales,"Uncultured Haliangium sp. clone OTU772_spo667 16S ribosomal RNA gene, partial sequence",1,TGGGGAATATTGGGCAATGGGCGAAAGCCTGACCCAGCCACGCCGCGTGAGTGATGAAGGCCTTCGGGTCGTAAAGCTCTGTGGGGAGGGACGAACAAGCCGGGCGCTAATCACCCCGGTCCTGACGGTACCTCCTTAGCAAGCACCGGCTAACCCTGTGCCAGCAGCCGCGGTAATACAGGGGGTGCAA
8447a6cc990201a14405158a751965e1,d__Bacteria; p__Planctomycetota; c__Phycisphaerae; o__Tepidisphaerales; f__WD2101_soil_group; g__WD2101_soil_group,"Uncultured bacterium clone OTU_7450 16S ribosomal RNA gene, partial sequence",0,TAACGAATCTTCCGCAATGCACGAAAGTGTGACGGAGCGACGCCGCGTGTGGGACGAAGCCCTTCGGGGTGTAAACCACTGTCAGGGGTTACCAAGTTCTGAGGAGCCCCAGAGGAAGGCACGGCTAACTCTGTGCCAGCAGCCGCGGTAAGACAGAGGTGCCAAGCGTTAGGCGGAATCACTGGGCTTA
6933eeb18d2c84cab5c988278eb94250,d__Bacteria,"Uncultured bacterium clone OTU_4763 16S ribosomal RNA gene, partial sequence",1,TGAGGAATATTGCACAACGGGGGCAACCCTGAAGGAGCGACGCCGCGTGGAGGATGAAGGTTTTCGGATTGTAAACTCCTGTCACGAGAGAACAAAACCCGCAAGGGCTTGATAGTATCTCAAGAGGAAGGGACGGCTAACTCCGTGCCAGCAGCCGCGGTAATACGGAGGGTGCAAGCGTTAATCGGAA
842af8e4e48895b6ae542043ab587438,d__Bacteria; p__Proteobacteria; c__Gammaproteobacteria; o__Pseudomonadales; f__Pseudomonadaceae; g__Pseudomonas,"Uncultured bacterium clone FT2012-3-039 16S ribosomal RNA gene, partial sequence",0,TCGAGAATCTTTCACAATGGGGGAAACCCTGATGGAGCGACGCCGCGTGTGTGAAGAAGGTCTTCGGATTGTAAAGCACTTTAAGTTGGGAGGAAGGGCAGTAGGCTAATACCTTGCTGTTTTGACGTTACCAACAGAATAAGCACCGGCTAACTTCGTGCCAGCAGCCGCGGTAATACGAAGGGTGCAA
3ccc269d902163722f501ed6e0d4e017,d__Bacteria; p__Bdellovibrionota; c__Bdellovibrionia; o__Bacteriovoracales; f__Bacteriovoracaceae; g__Peredibacter; s__metagenome,"Uncultured bacterium clone 1B411 16S ribosomal RNA gene, partial sequence",0,TAGGGAATATTGCGCAATGGGGGAAACCCTGACGCAGCAACGCCGCGTGAGTGAGGAAGGCCTTCGGGTCGTAAAGCTCTGTTCTTAGGGAAAAATGGTTAGGGAGCTAATACCCCCTGATTTGATGGTACCTAAGGAGAAAAGACCGGCTAACTTCGTGCCAGCAGCCGCGGTAATACGAAGGGTCTAA
9cafef95c062ed5f53fbbbde614c55c9,d__Bacteria; p__Bacteroidota; c__Bacteroidia; o__Chitinophagales; f__Chitinophagaceae; g__Niastella; s__Niastella_sp.,"Uncultured Niastella sp. clone OTU93_endo93 16S ribosomal RNA gene, partial sequence",1,TAAGGAATATTGGTCAATGGACGCAAGTCTGAACCAGCCATGCCGCGTGGAGGATGAAGGTCCTCTGGATTGTAAACTTCTTTTATCGGAGAAGAAACCCAGACATTCCTGTTTGGTTGACGGTACCCGATGAATAAGCACCGGCTAACTCCGTGCCAGCAGCCGCGGTAATACGGAGGGTGCAAGCGTT
43b997db898ce1733720fee0fb4b817c,d__Bacteria; p__Proteobacteria; c__Alphaproteobacteria; o__Reyranellales; f__Reyranellaceae; g__uncultured; s__uncultured_bacterium,"Vineibacter terrae strain CC-CFT640 16S ribosomal RNA, partial sequence",0,TGGGGAATATTGGACAATGGGCGCAAGCCTGATCCAGCCATGCCGCGTGGGTGAAGAAGGCCTTCGGGTTGTAAAGCCCTTTTGGCGGGGACGATGATGACGGTACCCGCAGAATAAGCCCCGGCTAACTTCGTGCCAGCAGCCGCGGTAAGACGAAGGGGGCAAGCGTTGTTCGGAATTACTGGGCGTA
855c1547fc144c9e4ed8ab0cf4f4aa57,d__Bacteria; p__Proteobacteria; c__Gammaproteobacteria; o__Diplorickettsiales; f__Diplorickettsiaceae; g__Aquicella,"Uncultured bacterium clone Fort_Lupton_533 16S ribosomal RNA gene, partial sequence",0,TGGGGAATATTGGACAATGGGGGAAACCCTGATCCAGCGATGCCGCGTGAGTGAAGAAGGCCTTCGGGTCGTAAAGCTCTTTAGGTTGGGAAGAAGGGTGTGCGTTGATAACACGTGCATTTTGACAGTACCGACAGAATAAGCACCGGCAAACTCTGTGCCAGCAGCCGCGGTAATACAGAGGGTGCGA
c3f082bdcdaea0f89531236f75aa63cc,d__Bacteria; p__Acidobacteriota; c__Vicinamibacteria; o__Vicinamibacterales; f__Vicinamibacteraceae; g__Vicinamibacteraceae,"Uncultured bacterium clone OTU1674 16S ribosomal RNA gene, partial sequence",0,TGGGGAATTGTTCACAATGGGCGCAAGCCTGATGACGCAACGCCGCGTGGGGGATGAAGGTCTTCGGATCGTAAACCCCTGTCGAATGGGACGAATAGCCACCGGATCAATACCCCGGTGGAATGACGGTACCGTTAAAGGAAGCCACGGCTAACTCTGTGCCAGCAGCCGCGGTAATACAGAGGTGGCA
ce0e973c7e46d0cb66e0ea0c4c34a60b,d__Bacteria,"Uncultured bacterium clone ASV_211_(0.1021%) 16S ribosomal RNA gene, partial sequence >gi|2936325913|gb|PV355570.1| Uncultured bacterium clone ASV_211_(0.1297%) 16S ribosomal RNA gene, partial sequence >gi|2946243743|gb|PV399047.1| Uncultured bacterium clone ASV_520_(0.1467%) 16S ribosomal RNA gene, partial sequence >gi|2946243856|gb|PV399396.1| Uncultured bacterium clone ASV_520_(0.1364%) 16S ribosomal RNA gene, partial sequence >gi|2946871564|gb|PV413633.1| Uncultured bacterium clone ASV_771_(0.1371%) 16S ribosomal RNA gene, partial sequence",1,TAGGGAATAATTCACAATGGGGGAAACCCTGACGCAGCGACGCCGCGTGAGGGAAGAAGGCCTTCGGGTTGTAAAGCTCTTTCAGATGGAAAGAAATCGCGCGGACTAATATTCTGCGTGGATGACGGTACCAGGAGAAGAAGCTGCGGCTAACTACGTGCCAGCAGCCGCGGTAATACGTAGGCAGCAA
c8e84fb8ddd66d845668e47be78283e9,d__Bacteria; p__Chloroflexi; c__Anaerolineae; o__Caldilineales; f__Caldilineaceae; g__uncultured,"Uncultured Caldilineaceae bacterium clone OTU1165 16S ribosomal RNA gene, partial sequence",1,TGAGGAATATTGGGCAATGGGCGCAAGCCTGACCCAGCAACGCCGCGTGGAGGATGAAGGTCTTTGGATTGTAAACTCCTTTTGCAGGGGAAGAGCGCGGACGGTACCCTGAGAATAAGTCACGGCTAACTACGTGCCAGCAGCCGCGGTAATACGTAGGTGACAAGCGTTATCCGGAATTACTGGGCGT
76460ff84eb85f58ac7fc65e809f6942,d__Bacteria; p__Acidobacteriota; c__Blastocatellia; o__11-24; f__11-24; g__11-24; s__uncultured_bacterium,"Uncultured bacterium clone OTU_7121 16S ribosomal RNA gene, partial sequence",1,TGGGGAATTTTGCGCAATGGGCGAAAGCCTGACGCAGCAACGCCGCGTGAAGGATGAAATCTTTCGGGATGTAAACTTCGCAAGTGTGGGAAGAACAAAATGACGGTACCACAAGTAAGCCCCGGCTAACTCCGTGCCAGCAGCCGCGGTAATACGGGGGGGGCAAGCGTTGTTCGGAATTACTGGGCGT
3c5f48c81c61b3c4d2e931ef40c128e1,d__Bacteria; p__Proteobacteria; c__Gammaproteobacteria; o__Diplorickettsiales; f__Diplorickettsiaceae; g__Aquicella,"Uncultured Aquicella sp. clone New.CleanUp.ReferenceOTU29443 16S ribosomal RNA gene, partial sequence",1,TGGGGAATATTGGACAATGGGGGCAACCCTGATCCAGCGATGCCGCGTGGGTGAAGAAGGCCTTCGGGTTGTAAAGCCCTTTAGGTCGGGAAGAAGGGTATATGCCGAATACGCATATACTTTGACGGTACCGACAAAATAAGCACCGGCAAACTCTGTGCCAGCAGCCGCGGTAATACAGAGGGTGCGA
3636531b790e3ccb94b6267c000aa44a,d__Bacteria; p__Proteobacteria; c__Alphaproteobacteria; o__Rhizobiales; f__Rhizobiales_Incertae_Sedis; g__Nordella,"Uncultured bacterium clone A872 16S ribosomal RNA gene, partial sequence",0,TGGGGAATCTTGGACAATGGGCGCAAGCCTGATCCAGCCATGCCGCGTGAGTGAAGAAGGCCTTAGGGTTGTAAAGCTCTTTTGGCAGGGACGATAATGACGGTACCTGCAGAATAAGCCCCGGCAAACTTCGTGCCAGCAGCCGCGGTAATACGAAGGGGGCTAGCGTTGTTCGGAATTACTGGGCGTA
c37247a613452fd18e6c751f52cf9c32,d__Bacteria; p__Proteobacteria; c__Gammaproteobacteria; o__Burkholderiales; f__Comamonadaceae; g__Hydrogenophaga,Hydrogenophaga sp. UC242_50 chromosome,1,TGGGGAATTTTGGACAATGGGCGCAAGCCTGATCCAGCAATGCCGCGTGCAGGAAGAAGGCCTTCGGGTTGTAAACTGCTTTTGTACGGAACGAAAAGGCTCTGGTTAATACCTGGGGCACATGACGGTACCGTGAGAATAAGCACCGGCTAACTACGTGCCAGCAGCCGCGGTAATACGTAGGGTGCAA
e7b3a22f936a5c2d055f4c027ac7425d,d__Bacteria; p__Firmicutes; c__Negativicutes; o__Veillonellales-Selenomonadales; f__Sporomusaceae; g__Sporomusa,"Uncultured prokaryote clone Otu00571 16S ribosomal RNA gene, partial sequence",0,TGGGGAATCTTCCGCAATGGACGAAAGTCTGACGGAGCAACGCCGCGTGAGTGAAGAAGGTCTTCGGATTGTAAAGCTCTGTCGTTTGGGACGAACGTGGGTAGGGTGAACAATCTTATCTAATGACGGTACCAAAGGAGGAAGCCACGGCTAACTACGTGCCAGCAGCCGCGGTAATACGTAGGTGGCA
82981c1a83b45fc696a33078f00cc702,d__Bacteria; p__Chloroflexi; c__Anaerolineae; o__SBR1031; f__A4b; g__OLB13; s__uncultured_bacterium,"Uncultured bacterium clone OTU199_spo94 16S ribosomal RNA gene, partial sequence",1,TGAGGAATATTGCTCAATGGGCGAAAGCCTGAAGCAGCGACGCCGCGTGGACGATGAAGGTCTTCGGATCGTAAAGTCCTTTTCTGTGTGACGAGGAAGGACGGTAGCACAGGAATAAGTGTCGGCTAACTACGTGCCAGCAGCCGCGGTAACACGTAGGACGCAAGCGTTATCCGGAATTACTGGGCGT
7942724d1bb883af9346f9c5130231ea,d__Bacteria; p__Planctomycetota; c__Planctomycetes; o__Planctomycetales,"Uncultured bacterium partial 16S rRNA gene, clone SICT709_N9D2_16S_B",0,TCGAGAATCTTCGGCAATGGGCGCAAGCCTGACCGAGCGACGCCGCGTGCGGGTTGAAGGCCCTTGGGTTGTAAACCGCTGTCGGGGGGGATGAAACCGTAAGGTTGACAGAGCCCCGGAGGAAGCACGGGCTAAGTTCGTGCCAGCAGCCGCGGTAATACGAACTGTGCGAACGTTATTCGGAATCACT
37716dba7f01f4a116b8bafb236c3fb7,d__Bacteria; p__Proteobacteria; c__Gammaproteobacteria; o__Alteromonadales; f__Alteromonadaceae; g__Rheinheimera,"Rheinheimera tangshanensis strain WTB117 16S ribosomal RNA gene, partial sequence",1,CCTACGGGTGGCTGCAGTGGGGAATATTGGACAATGGGCGCAAGCCTGATCCAGCCATGCCGCGTGTGTGAAGAAGGCCTTCGGGTTGTAAAGCACTTTCAGCGAGGAGGAAGGGGTGTGTGTTAATAGTACACACCTTTGACGTTACTCGCAGAAGAAGCACCGGCTAACTCTGTGCCAGCAGCCGCGG
be2e68921af653cd48e17224fa8e6c0f,d__Bacteria; p__Proteobacteria; c__Gammaproteobacteria; o__Burkholderiales; f__Chromobacteriaceae; g__Vogesella; s__Vogesella_fluminis,"Bacterium strain RS-90 16S ribosomal RNA gene, partial sequence >gi|2513797949|gb|OR084383.1| Vogesella fluminis strain RS-90 16S ribosomal RNA gene, partial sequence",1,TGGGGAATTTTGGACAATGGGCGCAAGCCTGATCCAGCCATGCCGCGTGTCTGAAGAAGGCCTTCGGGTTGTAAAGGACTTTTGTCCGGGAGCAAATACCCAGTGCTAATAACGCTGGGGGCTGAGAGTACCGGAAGAATAAGCACCGGCTAACTACGTGCCAGCAGCCGCGGTAATACGTAGGGTGCAA
9e3a30af2f007ad730312fab8079581e,d__Bacteria; p__Verrucomicrobiota; c__Verrucomicrobiae; o__Pedosphaerales; f__Pedosphaeraceae; g__Ellin517; s__metagenome,"Uncultured bacterium clone OFI2756 16S ribosomal RNA gene, partial sequence",0,TCGAGAATTTTTCTCAATGGGCGAAAGCCTGAAGGAGCGACGCCGCGTGGGGGATGAAGGGCTTCGGTCCGTAAACCCCTGTCATTTGCGAACAAACCTTATGTGTGAACAACATATGAGCTGATTGTAGCGAAAGAGGAAGGGACGGCTAACTCTGTGCCAGCAGCCGCGGTAATACAGAGGTCCCAAG
a2b99c53d9a62dc60832afbca68d715d,d__Bacteria; p__Desulfobacterota; c__Desulfobulbia; o__Desulfobulbales; f__Desulfobulbaceae; g__Desulfobulbus; s__uncultured_Desulfobulbus,"Uncultured bacterium clone OTU_489 16S ribosomal RNA gene, partial sequence",1,TGAGGAATATTGCGCAATGGGGGCAACCCTGACGCAGCGACGCCGCGTGAGTGAGGAAGGCCTTCGGGTCGTAAAGCTCTGTCAAAGGGAAAGAAGTGCATAGTGGTTAATACCTGCTATGTTTGACGGTACCCTTAAAGGAAGCACCGGCTAACTCCGTGCCAGCAGCCGCGGTAATACGGAGGGTGCA
21af47d35f4848a4f245af8c3daeeea7,d__Bacteria; p__Myxococcota; c__Polyangia; o__Polyangiales; f__Sandaracinaceae; g__uncultured,"Uncultured Sandaracinaceae bacterium clone OTU579 16S ribosomal RNA gene, partial sequence",1,TGGGGAATCTTGGTCAATGGGCGCAAGCCTGAACCAGCGACGCCGCGTGAGTGATGAAGGCCTTCGGGTTGTAAAGCTCTGTGGGGAGGGACGAAAGAGCACGTTCTAACAGGACGTGTGTTGACGGTACCTCCTTAGCAAGCACCGGCTAACTCTGTGCCAGCAGCCGCGGTAAGACAGAGGGTGCAAA
83ce12583e643a9fc249c78ffd67de6e,d__Bacteria; p__Bacteroidota; c__Bacteroidia; o__Flavobacteriales; f__Flavobacteriaceae; g__Flavobacterium,"Uncultured Bacteroidetes bacterium gene for 16S rRNA, partial sequence, isolate: sd-jx40",0,TGAGGAATATTGGTCAATGGGCGCAAGCCTGAACCAGCCATGCCGCGTGCAGGATGACTGCCCTATGGGTTGTAAACTGCTTTTGTACGGGAAGAAACAGCCCCTTGCGAGGGGCCTTGACGGTACCGTAAGAATAAGGATCGGCTAACTCCGTGCCAGCAGCCGCGGTAATACGGAGGATCCAAGCGTT
d6ba14cacbd915283011dc9616dc7de9,d__Bacteria; p__Acidobacteriota; c__Thermoanaerobaculia; o__Thermoanaerobaculales; f__Thermoanaerobaculaceae; g__Subgroup_10,"Uncultured Acidobacteriota bacterium clone OTU1172_spo1067 16S ribosomal RNA gene, partial sequence",1,TGGGGAATCTTCCGCAATGGACGAAAGTCTTCGGATCGTAAACTCCTGTCAGGCGGGACGAAGGTGTGAGGGTAAATAATCCTTACGCTTGACGGTACCGTCAGAGGAAGCCCCGGCTAACTCCGTGCCAGCAGCCGCGGTAATACGGAGGGGGCGAGCGTTATTCGGAATTATTGGGCGTAAAGCGCGC
361ea1697637215583ab5573bd5df893,d__Bacteria; p__Actinobacteriota; c__Actinobacteria; o__Corynebacteriales; f__Corynebacteriaceae; g__Corynebacterium,"Corynebacterium amycolatum strain ARI 16S ribosomal RNA gene, partial sequence",1,TGGGGAATATTGCACAATGGGCGGAAGCCTGATGCAGCGACGCCGCGTGGGGGATGACGGCCTTCGGGTTGTAAACTCCTTTCACCATCGACGAAGGGTTTCTGACGGTAGATGGAGAAGAAGCACCGGCTAACTACGTGCCAGCAGCCGCGGTAATACGTAGGGTGCGAGCGTTGTCCGGAATTACTGG
0a7d45bcbd55811d63986c4ef19bbaf4,d__Bacteria,"Uncultured bacterium clone OTU_3053 16S ribosomal RNA gene, partial sequence",0,TGGGGAATATTGCACAATGGGCGCAAGCCTGATGCAGCGACGCCGCGTGAGGGATGAAGGCCTTCGGGTTGTAAGGCTCTTTAAGCGGGGAGGAAGGTCGTACAGTTAATACCTGTGCGAATTGACGTTACCTGCAGAATAAGCACCGGCTAACTTCGTGCCAGCAGCCGCGGTAATACGAAGGGTGCAA
20a6a460bd4fe7d261c74a4ea0886801,d__Bacteria; p__Proteobacteria; c__Alphaproteobacteria; o__Azospirillales; f__Azospirillales_Incertae_Sedis; g__Stella,"Stella sp. strain KR8-71 16S ribosomal RNA gene, partial sequence",1,TGGGGAATATTGGACAATGGGGGCAACCCTGATCCAGCAATGCCGCGTGAGTGATGAAGGCCTTCGGGTTGTAAAGCTCTTTCGCCCACGACGATGATGACGGTAGTGGGAGAAGAAGCCCCGGCTAACTTCGTGCCAGCAGCCGCGGTAATACGAAGGGGGCTAGCGTTGTTCGGAATGACTGGGCGTA
e8478c8575bd6e4bd1514759abbd3bca,d__Bacteria; p__Firmicutes; c__Bacilli; o__Bacillales; f__Bacillaceae; g__Bacillus,"Uncultured bacterium clone 69B 16S ribosomal RNA gene, partial sequence",0,TAGGGAATCTTCCGCAATGGACGAAAGTCTGACGGAGCAACGCCGCGTGAGTGATGAAGGCTTTCGGGTCGTAAAACTCTGTTGTTAGGGAGGAACAAGTACGAGAGTAACTGCTCGTACCATGACGGTACCTCCTTAGCAAGCACCGGCTAACTTCGTGCCAGCAGCCGCGGTAATACGAAGGGTGCAA
08081d4b447e6a9959052ba05e3f7b2d,d__Bacteria; p__Cyanobacteria; c__Vampirivibrionia; o__Obscuribacterales; f__Obscuribacteraceae; g__Obscuribacteraceae; s__uncultured_bacterium,"Uncultured bacterium clone 605 16S ribosomal RNA gene, partial sequence",1,CCGCGGTAAGACGTAGGATGCAAGCGTTGTCCGGATTTATTGGGCGTAAAGAGTTCGTAGGTGGTTTGTTAAGTCTGATGTTAAAGACTGGGGCTCAACCTCGGAAATGCATTGGATACTGGCAGACTCGAGTGCAGTAGAGGCAAGTAGAATTCCAGGTGTAGCGGTGAAATGCGTAGATATCTGGAAG
48c4ebc702caddaad952c4104a864b1f,d__Bacteria; p__Elusimicrobiota; c__Lineage_IIb; o__Lineage_IIb; f__Lineage_IIb; g__Lineage_IIb; s__uncultured_bacterium,"Uncultured bacterium clone OTU1761 16S ribosomal RNA gene, partial sequence",1,TGAGGAATTTTGGACAATGGGGGAAACCCTGATCCAGCGACGCCGCGTGAAGGATGAAGGTCTTCGGATTGTAAACTTCTTTTGTTCGGGACTAAGAAACCTGTAGAAATACGGGGAGTGAATGTACCGGATGAATAAGCCACGGCTAACTTCGTGCCAGCAGCCGCGGTAATACGAAGGTGGCAAGCGT
ca96b6477950770bff2311525eba590c,d__Bacteria; p__Proteobacteria; c__Gammaproteobacteria,"Uncultured bacterium partial 16S rRNA gene, clone 3ACL12",0,CCTACGGGTGGCTGCAGTGGGGAATATTGGACAATGGGCGCAAGCCTGATCCAGCGATGCCGCGTGTGTGAAGAAGGCCTGCGGGTTGTAAAGCGCTTTCAGTGGGGAGAACGAGGCACTAGTTAATACCTAGTGCGGAAGATGTTACCCACAGAAGAAGCACCGGCTAACTCTGTGCCAGCAGCCGCGG
3d9856619e64e698311044a3ecd95c4d,d__Bacteria; p__Verrucomicrobiota; c__Verrucomicrobiae; o__Verrucomicrobiales; f__Verrucomicrobiaceae; g__Roseimicrobium; s__uncultured_bacterium,"Uncultured bacterium clone vks26 16S ribosomal RNA gene, partial sequence",1,TCGAGAATCTTTCACAATGGGGGCAACCCTGATGGAGCGACGCCGCGTGGAGGTTAAGGTCTTCGGATTGTAAACTCCTGTCATGCGAGAACAAAGCCCGCAAGGGTGTGATAGTACCGCAAGAGGAAGAGACGGCTAACTCTGTGCCAGCAGCCGCGGTAATACAGAGGTCTCAAGCGTTGTTCGGAAT
a48dd0deb986d5874460e7882c01dcec,d__Bacteria; p__Acidobacteriota; c__Vicinamibacteria; o__Vicinamibacterales; f__Vicinamibacteraceae; g__Vicinamibacteraceae,"Uncultured bacterium clone OTU835 16S ribosomal RNA gene, partial sequence",0,TGGGGAATTGTTCGCAATGGGCGCAAGCCTGACGACGCAACGCCGCGTGGAGGATGAAGGTCTTCGGATTGTAAACTCCTGTTGATGGGGAAGAACAGGTATCGGATGAATACTCCGGTGCACTGACGGTACCCGTTGAGGAAGCCACGGCTAACTCTGTGCCAGCAGCCGCGGTAATACAGAGGTGGCA
5c67a62bd602c7825627b62f43d90711,d__Bacteria; p__Proteobacteria; c__Alphaproteobacteria; o__Sphingomonadales; f__Sphingomonadaceae,"Uncultured bacterium clone 6798 16S ribosomal RNA gene, partial sequence",0,TGGGGAATTTTGGACAATGGGGGCAACCCTGATCCAGCCATGCCGCGCGAGTGAAGAAGGCCTTCGGGTTGTAAAGCTCTTTTACCCGGGATGATAATGACAGTACCGGGAGAATAAGCTCCGGCTAACCCCGTGCCAGCAGCCGCGGTAATACGGAGGGAGCCAGCGTTGTTCGGAATTACTGGGCGTA
b5dfddecbb16f5e5b7ee1db515e3fb87,d__Bacteria; p__Actinobacteriota; c__Actinobacteria; o__Corynebacteriales; f__Corynebacteriaceae; g__Corynebacterium,"Uncultured Corynebacterium sp. clone 1013299 16S ribosomal RNA gene, partial sequence",1,TGGGGAATATTGCACAATGGGCGCAAGCCTGATGCAGCGACGCCGCGTGGGGGATGACGGCCTTCGGGTTGTAAACTCCTTTCGCAACTGACGAAGCTTTTTGTGACGGTAGGTTGAGAAGAAGCACCGGCTAACTACGTGCCAGCAGCCGCGGTAATACGTAGGGTGCGAGCGTTGTCCGGAATTACTG
db8c4100f57de7472b2ff5f65058798b,d__Bacteria; p__Proteobacteria; c__Gammaproteobacteria; o__Enterobacterales; f__Enterobacteriaceae; g__Escherichia-Shigella,"Escherichia coli strain EC17CM6 chromosome, complete genome",1,TGGGGAATATTGCACAATGGGCGCAAGCCTGATGCAGCCATGCCGCGTGTATGAAGAAGGCCTTCGGGTTGTAAAGTACTTTCAGCGGGGAGGAAGGGAGTAAAGTTAATACCTTTGCTCATTGACGTTACCCGCAGAAGAAGCACCGGCTAACTCCGTGCCAGCAGCCGCGGTAATACGGAGGGTGCAA
bcd9a7d2bff351bf6e06ed6a3fba963c,d__Bacteria; p__Proteobacteria; c__Gammaproteobacteria; o__Burkholderiales; f__Rhodocyclaceae,"Uncultured Zoogloea sp. clone DE00657A08 16S ribosomal RNA gene, partial sequence",1,TGGGGAATCTTGCGCAATGGACGAAAGTCTGACGCAGCCATGCCGCGTGAGTGAAGAAGGCCTTCGGGTTGTAAAGCTCTTTCAGACGGAAAGAAATCTCTCGGGATAACACCCTGGGAGGATGACGGTACCGTAAGAAGAAGCACCGGCTAACTTCGTGCCAGCAGCCGCGGTAATACGAAGGGGGCTA
2b171812c661ba40dafec89786f7c6ee,d__Bacteria; p__Firmicutes; c__Clostridia; o__Clostridia; f__Gracilibacteraceae; g__Lutispora; s__uncultured_Gracilibacteraceae,"Uncultured bacterium clone OTU_6191 16S ribosomal RNA gene, partial sequence",1,TGGGGAATATTGCGCAATGGGGGAAACCCTGACGCAGCAACGCCGCGTGGAGGAAGAAGGTCTTCGGATTGTAAACTCCTGTCTTTGGGGACGAAAAAAATGACGGTACCCAAGGAGGAAGCCACGGCTAACTACGTGCCAGCAGCCGCGGTAATACGTAGGGTGCGAGCGTTAATCGGAATTACTGGGC
a3af718d525edeed053f0aa816beb9fa,d__Bacteria; p__Actinobacteriota; c__Actinobacteria; o__Micrococcales; f__Microbacteriaceae; g__Microbacterium,"Microbacterium sp. strain HP.22.E5 16S ribosomal RNA gene, partial sequence",1,TGGGGAATATTGCACAATGGGCGGAAGCCTGATGCAGCAACGCCGCGTGAGGGACGACGGCCTTCGGGTTGTAAACCTCTTTTAGCAGGGAAGAAGCGAGAGTGACGGTACCTGCAGAAAAAGCGCCGGCTAACTACGTGCCAGCAGCCGCGGTAATACGTAGGGCGCAAGCGTTATCCGGAATTATTGG
020f97a2dd3e6844cd6a3bab00b8ec3b,d__Bacteria; p__Verrucomicrobiota; c__Verrucomicrobiae; o__Verrucomicrobiales; f__DEV007; g__DEV007,"Uncultured Verrucomicrobia bacterium clone TR1E2 16S ribosomal RNA gene, partial sequence",1,TCGAGAATCATTCGCAATGGGCGAAAGCCTGACGGTGCGACGCCGCGTGGAGGATGAAGGCCCTAGGGTCGTAAACTCCTGTCATCAGGGAGTAAAGACTCGTGTGGTAACTAACACGGGTCCTGATAGTACCTGAAGAGGAAGGGACGGCAAACTTCGTGCCAGCAGCCGCGGTAATACGAAGGTCCCA
0d3edcddecfb35a1b51992b8cc802d9e,d__Bacteria; p__Proteobacteria; c__Alphaproteobacteria; o__Caulobacterales; f__Hyphomonadaceae; g__SWB02,"Uncultured bacterium clone OTU12159 16S ribosomal RNA gene, partial sequence",0,TGGGGAATCTTGGACAATGGGCGAAAGCCTGATCCAGCCATGCCGCGTGGATGATGAAGGCCCTAGGGTTGTAAAATCCTTTCGTTGGGGACGATAATGACGGTACCCAAAGAAGAAGCTCCGGCTAACTTCGTGCCAGCAGCCGCGGTAATACGAAGGGGGCTAGCGTTGTTCGGATTTACTGGGCGTA
43b6ba41a0670c5b144a514b6770af7b,d__Bacteria; p__Proteobacteria; c__Alphaproteobacteria; o__Micavibrionales; f__uncultured; g__uncultured; s__uncultured_bacterium,"Uncultured bacterium clone OTU_6117 16S ribosomal RNA gene, partial sequence",1,TGAGGAATATTGGACAATGGGGGAAACCCTGATCCAGCCATGCCGCGTGAGTGACGAAGGCCTTAGGGTTGTAAAGCTCTTTCGACTGCGAAGATAATGACAGTAACAGTAGAAGAAGCTCCGGCTAAACTCGTGCCAGCAGCCGCGGTAATACGAGTGGAGCGAGCGTTGTTCGGAATCACTGGGCGTA
1498b25354182094e42c5eb339505af3,d__Bacteria; p__Proteobacteria; c__Gammaproteobacteria; o__Gammaproteobacteria_Incertae_Sedis; f__Unknown_Family; g__Acidibacter; s__uncultured_proteobacterium,"Uncultured Acidibacter sp. clone ASV275 16S ribosomal RNA gene, partial sequence",1,TGGGGAATATTGGACAATGGGGGCAACCCTGATCCAGCGACGCCGCGTGTGTGAAGAAGGCCTGCGGGTTGTAAAGCACTTTTAGTGGGGATGAAAAGTACATCGCTAATACCGGTGTATCTTGACCTAACCCAAAGAAAAAGCACCGGCTAACTCTGTGCCAGCAGCCGCGGTAATACAGAGGGTGCGA
bea7432632785dbe024ba306526e4df4,d__Bacteria; p__Myxococcota; c__Polyangia; o__Polyangiales; f__Phaselicystidaceae; g__Phaselicystis,"Uncultured bacterium clone OTU3716 16S ribosomal RNA gene, partial sequence",0,TGGGGAATCTTGCGCAATGGGCGAAAGCCTGACGCAGCGACGCCGCGTGGGTGATGAAGGCCTTCGGGTTGTAAAGCCCTGTGGAGGGGGAAGAATAAGGGCAGCCTAATACGCTGACTGATGACGGTACCCCTTTAGCAAGCACCGGCTAACTCTGTGCCAGCAGCCGCGGTAAGACAGAGGGGGCAAA
70fb14b74ebeafac60c4b6a49c062a53,d__Bacteria; p__Proteobacteria; c__Gammaproteobacteria; o__Burkholderiales; f__Chitinimonadaceae; g__Chitinimonas; s__Chitinimonas_viridis,"Chitinimonas sp. strain 307 16S ribosomal RNA gene, partial sequence",1,TGGGGAATTTTGGACAATGGACGCAAGTCTGATCCAGCCATGCCGCGTGAGTGAAGAAGGCCTTCGGGTTGTAAAGCTCTTTTGTCAGGGAGCAAATCCTGCCTGCTAATACTAGGCGGGGATGAGAGTACCTGAAGAATAAGGACCGGCTAACTACGTGCCAGCAGCCGCGGTAATACGTAGGGTCCAA
5c25272187dec8754250b29e78c3319c,d__Bacteria; p__Gemmatimonadota; c__Gemmatimonadetes; o__Gemmatimonadales; f__Gemmatimonadaceae; g__uncultured,"16S rRNA amplicon fragment from a soil sample (ferralsol, Madagascar) resulting from a 16 days laboratory incubation experiment",0,TGGGGAATCTTGCGCAATGGTCGAAAGACTGACGCAGCGACGCCGCGTGCGGGAGGAAGCTCTTCGGGGTGTAAACCGCTGTTGCCCGGAACGAAACGCTCTTTCGAGAGCCTTGACGGTACCGGGTGAGGAAGCGCCGGCTAACTCTGTGCCAGCAGCCGCGGTAATACAGAGGGCGCGAGCGTTGTCC
fcc16c05d8a6651a4acb3ae8c9128570,d__Bacteria; p__Firmicutes; c__Clostridia; o__Clostridiales; f__Clostridiaceae; g__Clostridium_sensu_stricto_1,"Uncultured bacterium clone 469 16S ribosomal RNA gene, partial sequence",0,TGGGGAATATTGCACAATGGGGGAAACCCTGATGCAGCAACGCCGCGTGAGTGATGAAGGTCTTCGGATTGTAAAACTCTGTCTTCAGGGACGATAATGACGGTACCTGAGGAGGAAGCCACGGCTAACTACGTGCCAGCAGCCGCGGTAATACGTAGGTGGCAAGCGTTGTCCGGATTTACTGGGCGTA
